<?xml version="1.0" encoding="UTF-8"?>
<navigationModel
  ns = "http://schemas.android.com?import=com.android.tools.idea.editors.navigation.model.*">
  <locations  
    class = "java.util.ArrayList">
    <statePointEntry>
      <state      
        class = "com.android.tools.idea.editors.navigation.model.ActivityState"      
        className = "blue.com.bluedcmotor.MainActivity"/>
      <point      
        x = "500"      
        y = "100"/>
    </statePointEntry>
    <statePointEntry>
      <state      
        class = "com.android.tools.idea.editors.navigation.model.MenuState"      
        xmlResourceName = "ble"/>
      <point      
        x = "1600"      
        y = "320"/>
    </statePointEntry>
  </locations>
</navigationModel>
